Voici les contacts féminins de la liste, triés par ordre alphabétique :
 
('747', 'Andy', 'Ankrett', 'aankrettkq@nyu.edu', 'Female', '131.60.224.149\n')
('713', 'Ariadne', 'Bartkowiak', 'abartkowiakjs@canalblog.com', 'Female', '29.161.238.121\n')
('213', 'Aridatha', 'Bearfoot', 'abearfoot5w@ibm.com', 'Female', '76.51.177.187\n')
('669', 'Audra', 'Bernasek', 'abernasekik@exblog.jp', 'Female', '13.226.60.253\n')
('462', 'Arlena', 'Boissieux', 'aboissieuxct@xinhuanet.com', 'Female', '96.138.77.183\n')
('237', 'Allina', 'Buxcy', 'abuxcy6k@mozilla.com', 'Female', '35.241.136.154\n')
('768', 'Ansley', 'Canlin', 'acanlinlb@smh.com.au', 'Female', '225.98.75.43\n')
('721', 'Agna', 'Chrippes', 'achrippesk0@smugmug.com', 'Female', '149.210.26.83\n')
('601', 'Arabella', 'Coote', 'acootego@qq.com', 'Female', '26.52.111.167\n')
('377', 'Aurilia', 'Degoix', 'adegoixag@economist.com', 'Female', '66.113.94.20\n')
('167', 'Ashleigh', 'Dowsett', 'adowsett4m@arizona.edu', 'Female', '185.130.32.23\n')
('171', 'Adrienne', 'Dunne', 'adunne4q@addtoany.com', 'Female', '231.138.181.181\n')
('937', 'Adi', 'Ellams', 'aellamsq0@over-blog.com', 'Female', '238.126.104.218\n')
('636', 'Aloise', 'Giorgeschi', 'agiorgeschihn@salon.com', 'Female', '71.205.97.185\n')
('873', 'Amata', 'Grasner', 'agrasnero8@umich.edu', 'Female', '205.234.107.164\n')
('647', 'Aleda', 'Guy', 'aguyhy@drupal.org', 'Female', '107.67.36.16\n')
('904', 'Ashlie', 'Haken', 'ahakenp3@shutterfly.com', 'Female', '248.184.98.1\n')
('396', 'Agretha', 'Hoxey', 'ahoxeyaz@arstechnica.com', 'Female', '91.166.30.122\n')
('648', 'Adi', 'Jaumet', 'ajaumethz@cisco.com', 'Female', '5.85.145.91\n')
('666', 'Adelle', 'Jeppe', 'ajeppeih@dyndns.org', 'Female', '22.17.60.247\n')
('970', 'Anna-diana', 'Jockle', 'ajockleqx@behance.net', 'Female', '0.139.85.84\n')
('971', 'Althea', 'Kew', 'akewqy@nih.gov', 'Female', '31.17.250.213\n')
('368', 'Allyson', 'Knevett', 'aknevetta7@timesonline.co.uk', 'Female', '111.233.253.92\n')
('775', 'Anna-diana', 'Lubeck', 'alubeckli@scientificamerican.com', 'Female', '184.255.0.63\n')
('891', 'Alli', 'Maisey', 'amaiseyoq@kickstarter.com', 'Female', '31.182.73.79\n')
('44', 'Andy', 'Mole', 'amole17@shinystat.com', 'Female', '150.228.20.211\n')
('748', 'Andromache', 'Nattriss', 'anattrisskr@slashdot.org', 'Female', '237.243.41.161\n')
('540', 'Aurelia', 'Newitt', 'anewittez@4shared.com', 'Female', '135.108.215.199\n')
('39', 'Adey', 'Randals', 'arandals12@barnesandnoble.com', 'Female', '125.11.14.170\n')
('12', 'Arlee', 'Regelous', 'aregelousb@mlb.com', 'Female', '82.111.229.30\n')
('47', 'Ashley', 'Rizzardi', 'arizzardi1a@accuweather.com', 'Female', '101.15.158.26\n')
('390', 'Anette', 'Rounsefull', 'arounsefullat@instagram.com', 'Female', '30.240.101.143\n')
('323', 'Amity', 'Scothron', 'ascothron8y@theatlantic.com', 'Female', '103.42.104.251\n')
('670', 'Annmaria', 'Simonian', 'asimonianil@yelp.com', 'Female', '253.111.249.189\n')
('803', 'Aubrette', 'Skillanders', 'askillandersma@intel.com', 'Female', '35.63.56.10\n')
('164', 'Anestassia', 'Stockill', 'astockill4j@constantcontact.com', 'Female', '85.140.4.220\n')
('799', 'Ashleigh', 'Stoggles', 'astogglesm6@telegraph.co.uk', 'Female', '72.196.164.199\n')
('880', 'Ardella', 'Stredder', 'astredderof@java.com', 'Female', '190.199.156.38\n')
('342', 'Arlie', 'Trustie', 'atrustie9h@house.gov', 'Female', '164.160.72.96\n')
('723', 'Alexine', 'Vargas', 'avargask2@nasa.gov', 'Female', '117.102.161.96\n')
('855', 'Adena', 'Witham', 'awithamnq@washington.edu', 'Female', '126.25.82.251\n')
('675', 'Bibi', 'Anglin', 'bangliniq@dell.com', 'Female', '186.129.197.68\n')
('236', 'Barbra', 'Aspinal', 'baspinal6j@cdbaby.com', 'Female', '69.240.68.105\n')
('677', 'Bernetta', 'Blazey', 'bblazeyis@cdbaby.com', 'Female', '212.90.249.86\n')
('384', 'Bernadine', 'Britian', 'bbritianan@dot.gov', 'Female', '179.89.106.116\n')
('736', 'Berta', 'Cruse', 'bcrusekf@microsoft.com', 'Female', '112.171.197.238\n')
('268', 'Barrie', 'Darkin', 'bdarkin7f@hhs.gov', 'Female', '26.123.197.248\n')
('645', 'Benoite', 'Dellenbach', 'bdellenbachhw@ox.ac.uk', 'Female', '215.105.217.230\n')
('520', 'Berrie', 'Dorran', 'bdorranef@europa.eu', 'Female', '142.51.110.141\n')
('979', 'Briny', 'Elias', 'beliasr6@shutterfly.com', 'Female', '137.16.245.227\n')
('804', 'Betty', 'Harkes', 'bharkesmb@blogger.com', 'Female', '193.189.194.126\n')
('537', 'Berget', 'Harling', 'bharlingew@odnoklassniki.ru', 'Female', '65.15.165.128\n')
('455', 'Berte', 'Harwell', 'bharwellcm@flickr.com', 'Female', '16.13.83.233\n')
('936', 'Bryn', 'Heggman', 'bheggmanpz@whitehouse.gov', 'Female', '75.144.60.98\n')
('71', 'Beryl', 'Hitter', 'bhitter1y@java.com', 'Female', '236.114.170.199\n')
('292', 'Bette-ann', 'Hubbert', 'bhubbert83@thetimes.co.uk', 'Female', '125.119.97.165\n')
('398', 'Bride', 'Janman', 'bjanmanb1@psu.edu', 'Female', '63.182.20.82\n')
('922', 'Bobette', 'Jauncey', 'bjaunceypl@fda.gov', 'Female', '156.149.51.84\n')
('356', 'Beverley', 'Lanfranconi', 'blanfranconi9v@who.int', 'Female', '20.232.193.221\n')
('286', 'Brunhilde', 'Lexa', 'blexa7x@virginia.edu', 'Female', '186.139.48.99\n')
('792', 'Beckie', 'Luna', 'blunalz@hp.com', 'Female', '44.138.83.77\n')
('572', 'Brinna', 'Mccaull', 'bmccaullfv@bluehost.com', 'Female', '23.159.108.185\n')
('861', 'Belle', 'Moar', 'bmoarnw@parallels.com', 'Female', '43.63.170.31\n')
('131', 'Belvia', "O'Calleran", 'bocalleran3m@opera.com', 'Female', '251.93.141.67\n')
('827', 'Bernadina', 'Raittie', 'braittiemy@storify.com', 'Female', '8.149.86.3\n')
('160', 'Bab', 'Salery', 'bsalery4f@bing.com', 'Female', '74.177.117.92\n')
('872', 'Brittaney', 'Shepperd', 'bshepperdo7@cisco.com', 'Female', '51.18.172.181\n')
('187', 'Bibby', 'Shone', 'bshone56@bbb.org', 'Female', '46.221.194.237\n')
('764', 'Babara', 'Slemming', 'bslemmingl7@storify.com', 'Female', '223.75.16.35\n')
('760', 'Brittani', 'Southgate', 'bsouthgatel3@e-recht24.de', 'Female', '225.147.178.199\n')
('515', 'Brandais', 'Vlasenkov', 'bvlasenkovea@quantcast.com', 'Female', '0.152.117.58\n')
('447', 'Brana', 'Warin', 'bwarince@engadget.com', 'Female', '227.42.187.110\n')
('364', 'Bev', 'Worrall', 'bworralla3@goo.gl', 'Female', '13.226.157.41\n')
('30', 'Christel', 'Aimeric', 'caimerict@vkontakte.ru', 'Female', '206.159.178.88\n')
('776', 'Correy', 'Arnaudi', 'carnaudilj@examiner.com', 'Female', '7.211.131.188\n')
('297', 'Charmaine', 'Asser', 'casser88@umn.edu', 'Female', '146.226.8.47\n')
('366', 'Charlean', 'Avramovic', 'cavramovica5@arstechnica.com', 'Female', '220.51.239.25\n')
('794', 'Camel', 'Bardwall', 'cbardwallm1@businessinsider.com', 'Female', '82.88.211.152\n')
('277', 'Cherye', 'Boulstridge', 'cboulstridge7o@sphinn.com', 'Female', '241.63.233.67\n')
('333', 'Crystal', 'Brims', 'cbrims98@mlb.com', 'Female', '89.246.158.15\n')
('679', 'Chantal', 'Burrow', 'cburrowiu@vinaora.com', 'Female', '32.88.190.208\n')
('454', 'Carmela', 'Cardenas', 'ccardenascl@tumblr.com', 'Female', '58.7.242.114\n')
('858', 'Cathyleen', 'Cucuzza', 'ccucuzzant@home.pl', 'Female', '111.76.154.108\n')
('597', 'Collie', 'Dawley', 'cdawleygk@tamu.edu', 'Female', '125.35.254.120\n')
('661', 'Cherin', 'Dougal', 'cdougalic@163.com', 'Female', '95.157.49.81\n')
('726', 'Cristin', 'Dudliston', 'cdudlistonk5@exblog.jp', 'Female', '246.239.66.133\n')
('274', 'Caye', 'Fairbourne', 'cfairbourne7l@cbc.ca', 'Female', '85.116.5.103\n')
('512', 'Charlot', 'Gowanson', 'cgowansone7@imageshack.us', 'Female', '219.192.7.90\n')
('88', 'Catlee', 'Hanning', 'channing2f@wordpress.org', 'Female', '58.252.81.30\n')
('394', 'Claudetta', 'Haston', 'chastonax@baidu.com', 'Female', '195.17.108.99\n')
('177', 'Claudette', 'Jirusek', 'cjirusek4w@youtube.com', 'Female', '183.219.39.69\n')
('410', 'Colly', 'Larroway', 'clarrowaybd@dot.gov', 'Female', '107.182.41.193\n')
('704', 'Cinda', 'Leate', 'cleatejj@symantec.com', 'Female', '226.82.34.35\n')
('94', 'Clarie', 'MacKaig', 'cmackaig2l@163.com', 'Female', '217.139.252.154\n')
('133', 'Cecelia', 'Maher', 'cmaher3o@hc360.com', 'Female', '140.117.25.147\n')
('499', 'Cinda', 'Mayhead', 'cmayheaddu@wix.com', 'Female', '13.53.175.244\n')
('903', 'Candie', 'McCallister', 'cmccallisterp2@amazon.de', 'Female', '23.80.41.40\n')
('571', 'Cynthy', 'Mouncher', 'cmouncherfu@gravatar.com', 'Female', '51.4.236.55\n')
('611', 'Carole', 'North', 'cnorthgy@ca.gov', 'Female', '156.45.98.249\n')
('421', 'Christye', 'Ovize', 'covizebo@un.org', 'Female', '155.95.114.71\n')
('450', 'Corri', 'Piele', 'cpielech@amazon.co.jp', 'Female', '234.198.76.142\n')
('128', 'Caron', 'Pristnor', 'cpristnor3j@scribd.com', 'Female', '59.113.128.249\n')
('250', 'Christy', 'Ratcliffe', 'cratcliffe6x@bbc.co.uk', 'Female', '233.199.91.88\n')
('595', 'Corissa', 'Sanchez', 'csanchezgi@epa.gov', 'Female', '154.221.30.221\n')
('896', 'Cordey', 'Scarsbrooke', 'cscarsbrookeov@comsenz.com', 'Female', '123.63.156.171\n')
('719', 'Cathleen', 'Scholig', 'cscholigjy@icio.us', 'Female', '33.118.20.55\n')
('469', 'Constance', 'Seatter', 'cseatterd0@seesaa.net', 'Female', '99.66.179.4\n')
('486', 'Cordy', 'Smithies', 'csmithiesdh@alexa.com', 'Female', '184.154.210.248\n')
('767', 'Cissiee', 'Stille', 'cstillela@google.it', 'Female', '94.228.60.81\n')
('209', 'Carly', 'Tatham', 'ctatham5s@domainmarket.com', 'Female', '118.0.55.255\n')
('741', 'Cordy', 'Thornally', 'cthornallykk@fc2.com', 'Female', '1.46.87.115\n')
('828', 'Carolan', 'Trayte', 'ctraytemz@mashable.com', 'Female', '34.79.203.164\n')
('596', 'Darda', 'Aitchinson', 'daitchinsongj@hubpages.com', 'Female', '140.151.125.5\n')
('252', 'Dione', 'Bernardini', 'dbernardini6z@sogou.com', 'Female', '143.168.108.73\n')
('84', 'Danice', 'Cescotti', 'dcescotti2b@google.nl', 'Female', '165.168.106.244\n')
('651', 'Deva', 'Churly', 'dchurlyi2@omniture.com', 'Female', '39.242.237.187\n')
('696', 'Dorthea', 'Clooney', 'dclooneyjb@diigo.com', 'Female', '74.97.188.158\n')
('617', 'Dominique', 'Cuell', 'dcuellh4@behance.net', 'Female', '33.136.192.175\n')
('184', 'Dulci', 'Davidofski', 'ddavidofski53@trellian.com', 'Female', '249.114.185.180\n')
('914', 'Del', "d' Elboux", 'ddelbouxpd@techcrunch.com', 'Female', '9.246.184.31\n')
('191', 'Domini', 'Fishly', 'dfishly5a@google.com.au', 'Female', '16.215.208.166\n')
('316', 'Delilah', 'Gentsch', 'dgentsch8r@smugmug.com', 'Female', '36.166.209.165\n')
('400', 'Dennie', 'Havick', 'dhavickb3@ocn.ne.jp', 'Female', '134.155.173.226\n')
('982', 'Diane-marie', 'Kopec', 'dkopecr9@domainmarket.com', 'Female', '185.4.69.117\n')
('168', 'Donni', 'Kupker', 'dkupker4n@shop-pro.jp', 'Female', '166.245.202.110\n')
('179', 'Desirae', 'Leftridge', 'dleftridge4y@ucoz.ru', 'Female', '150.226.51.148\n')
('326', 'Damara', 'Mabey', 'dmabey91@ted.com', 'Female', '65.249.126.54\n')
('771', 'Dolores', 'MacCosty', 'dmaccostyle@redcross.org', 'Female', '2.139.240.90\n')
('564', 'Dorise', 'MacDowal', 'dmacdowalfn@timesonline.co.uk', 'Female', '83.165.49.247\n')
('354', 'Dolorita', 'McGing', 'dmcging9t@time.com', 'Female', '68.199.193.220\n')
('516', 'Domini', 'Moreland', 'dmorelandeb@chicagotribune.com', 'Female', '26.234.230.27\n')
('874', 'Dorolisa', 'Olechnowicz', 'dolechnowiczo9@hhs.gov', 'Female', '247.56.227.213\n')
('489', 'Dorette', 'Payley', 'dpayleydk@indiatimes.com', 'Female', '1.69.53.132\n')
('949', 'Dorris', 'Petzold', 'dpetzoldqc@netscape.com', 'Female', '250.158.102.111\n')
('202', 'Dori', 'Rove', 'drove5l@twitpic.com', 'Female', '214.247.147.244\n')
('127', 'Doll', 'Sheepy', 'dsheepy3i@theguardian.com', 'Female', '91.232.239.127\n')
('705', 'Dacia', 'Siss', 'dsissjk@t.co', 'Female', '238.50.206.190\n')
('555', 'Dulcea', 'Tilley', 'dtilleyfe@clickbank.net', 'Female', '67.243.4.247\n')
('806', 'Doloritas', 'Walton', 'dwaltonmd@cargocollective.com', 'Female', '161.193.47.109\n')
('50', 'Elbertine', 'Archbell', 'earchbell1d@mit.edu', 'Female', '125.141.236.85\n')
('453', 'Eran', 'Ballance', 'eballanceck@mysql.com', 'Female', '135.77.36.75\n')
('581', 'Elianore', 'Barukh', 'ebarukhg4@shinystat.com', 'Female', '220.49.57.113\n')
('452', 'Evvy', 'Basley', 'ebasleycj@pinterest.com', 'Female', '39.179.152.88\n')
('528', 'Elladine', 'Beany', 'ebeanyen@amazon.de', 'Female', '204.33.192.98\n')
('579', 'Emlyn', 'Berka', 'eberkag2@theguardian.com', 'Female', '136.51.92.80\n')
('14', 'Elianore', 'Boot', 'ebootd@about.com', 'Female', '23.146.102.48\n')
('623', 'Elicia', 'Bromby', 'ebrombyha@ovh.net', 'Female', '196.61.133.113\n')
('734', 'Erina', 'Cahen', 'ecahenkd@nhs.uk', 'Female', '67.12.218.158\n')
('915', 'Estele', 'Cross', 'ecrosspe@economist.com', 'Female', '31.159.147.137\n')
('687', 'Estella', 'Curror', 'ecurrorj2@google.cn', 'Female', '240.21.217.76\n')
('198', 'Elane', 'de Keep', 'edekeep5h@epa.gov', 'Female', '169.19.134.162\n')
('737', 'Erinn', 'Duferie', 'eduferiekg@senate.gov', 'Female', '255.104.196.210\n')
('287', 'Eudora', 'Dyke', 'edyke7y@salon.com', 'Female', '104.86.180.252\n')
('756', 'Ema', 'Flexman', 'eflexmankz@kickstarter.com', 'Female', '10.162.26.16\n')
('344', 'Enrica', 'Gabbatt', 'egabbatt9j@howstuffworks.com', 'Female', '28.3.125.120\n')
('671', 'Eddi', 'Grotty', 'egrottyim@nba.com', 'Female', '122.151.250.248\n')
('543', 'Eirena', 'Kalkofen', 'ekalkofenf2@fc2.com', 'Female', '237.158.181.100\n')
('727', 'Elicia', 'Kunkel', 'ekunkelk6@cnbc.com', 'Female', '248.91.58.96\n')
('754', 'Elaina', 'Ottley', 'eottleykx@ucla.edu', 'Female', '177.189.28.173\n')
('506', 'Elvira', 'Ranahan', 'eranahane1@unesco.org', 'Female', '59.113.184.19\n')
('272', 'Eimile', 'Shea', 'eshea7j@rambler.ru', 'Female', '169.253.194.251\n')
('425', 'Evelina', 'Shemmans', 'eshemmansbs@oracle.com', 'Female', '149.92.109.151\n')
('998', 'Emilia', 'Skyme', 'eskymerp@ftc.gov', 'Female', '155.56.106.26\n')
('913', 'Emily', 'Stot', 'estotpc@cloudflare.com', 'Female', '177.225.241.85\n')
('467', 'Evie', 'Thouless', 'ethoulesscy@soup.io', 'Female', '213.106.24.171\n')
('883', 'Esme', 'Whatford', 'ewhatfordoi@seesaa.net', 'Female', '226.227.216.219\n')
('378', 'Edin', 'Winwood', 'ewinwoodah@blogger.com', 'Female', '58.254.232.155\n')
('837', 'Freddi', 'Adao', 'fadaon8@samsung.com', 'Female', '128.167.158.124\n')
('419', 'Fan', 'Bachanski', 'fbachanskibm@w3.org', 'Female', '152.30.222.140\n')
('916', 'Farra', 'Beynke', 'fbeynkepf@usda.gov', 'Female', '98.124.156.242\n')
('54', 'Freddi', 'Charte', 'fcharte1h@shareasale.com', 'Female', '120.251.87.56\n')
('817', 'Floria', 'Conkling', 'fconklingmo@qq.com', 'Female', '84.204.132.61\n')
('983', 'Fionna', 'Dooland', 'fdoolandra@paginegialle.it', 'Female', '10.129.65.180\n')
('24', 'Florencia', 'Duffitt', 'fduffittn@printfriendly.com', 'Female', '50.165.144.219\n')
('526', 'Felicle', 'Hulbert', 'fhulbertel@tinypic.com', 'Female', '45.191.56.239\n')
('549', 'Farrand', 'Kosiada', 'fkosiadaf8@liveinternet.ru', 'Female', '232.35.194.76\n')
('946', 'Frances', 'Longforth', 'flongforthq9@boston.com', 'Female', '48.243.5.14\n')
('380', 'Florella', 'Maciaszczyk', 'fmaciaszczykaj@wunderground.com', 'Female', '99.181.170.163\n')
('690', 'Farah', 'McCarter', 'fmccarterj5@vinaora.com', 'Female', '51.144.255.234\n')
('890', 'Felecia', 'Pirdy', 'fpirdyop@walmart.com', 'Female', '249.131.26.130\n')
('324', 'Fan', 'Pullin', 'fpullin8z@hibu.com', 'Female', '166.23.82.131\n')
('22', 'Fae', 'Roseman', 'frosemanl@cocolog-nifty.com', 'Female', '28.43.76.255\n')
('120', 'Florie', 'Stenbridge', 'fstenbridge3b@zdnet.com', 'Female', '178.190.142.35\n')
('414', 'Ferne', 'Vittery', 'fvitterybh@stumbleupon.com', 'Female', '213.5.140.57\n')
('102', 'Giralda', 'Bertl', 'gbertl2t@ask.com', 'Female', '110.72.219.114\n')
('296', 'Gwennie', 'Blazic', 'gblazic87@csmonitor.com', 'Female', '122.228.120.210\n')
('373', 'Gale', 'Brewerton', 'gbrewertonac@elpais.com', 'Female', '58.92.144.49\n')
('789', 'Godiva', 'Clews', 'gclewslw@house.gov', 'Female', '126.198.36.78\n')
('752', 'Gustie', 'Cowap', 'gcowapkv@sakura.ne.jp', 'Female', '27.251.134.188\n')
('56', 'Giralda', 'Cowup', 'gcowup1j@ebay.com', 'Female', '83.85.28.7\n')
('476', 'Grace', "D'Ambrogio", 'gdambrogiod7@fotki.com', 'Female', '137.22.224.81\n')
('125', 'Gay', 'De Giorgi', 'gdegiorgi3g@nih.gov', 'Female', '12.207.119.44\n')
('78', 'Gennifer', 'Dulake', 'gdulake25@cdc.gov', 'Female', '63.140.52.20\n')
('225', 'Grete', 'Gynni', 'ggynni68@nationalgeographic.com', 'Female', '127.146.65.111\n')
('773', 'Gilbertina', 'Hargey', 'ghargeylg@drupal.org', 'Female', '103.11.96.200\n')
('527', 'Garnette', 'Ilyas', 'gilyasem@usa.gov', 'Female', '43.196.189.217\n')
('484', 'Grethel', 'Josskowitz', 'gjosskowitzdf@umn.edu', 'Female', '35.220.234.243\n')
('509', 'Georgeanne', 'Khrishtafovich', 'gkhrishtafoviche4@weibo.com', 'Female', '34.160.103.73\n')
('365', 'Grethel', 'Lewzey', 'glewzeya4@illinois.edu', 'Female', '163.218.111.63\n')
('548', 'Germana', 'Maciaszczyk', 'gmaciaszczykf7@themeforest.net', 'Female', '167.144.210.169\n')
('536', 'Gwennie', 'Maliffe', 'gmaliffeev@techcrunch.com', 'Female', '155.46.14.207\n')
('613', 'Gay', 'McInulty', 'gmcinultyh0@themeforest.net', 'Female', '19.237.228.6\n')
('145', 'Gypsy', "O'Hartigan", 'gohartigan40@spotify.com', 'Female', '183.50.220.60\n')
('796', 'Ginny', "O'Scanlon", 'goscanlonm3@smugmug.com', 'Female', '58.157.243.155\n')
('404', 'Grissel', 'Pate', 'gpateb7@washingtonpost.com', 'Female', '69.182.160.65\n')
('456', 'Gretchen', 'Shaudfurth', 'gshaudfurthcn@youtube.com', 'Female', '142.196.255.49\n')
('871', 'Ginger', 'Thomkins', 'gthomkinso6@nature.com', 'Female', '31.71.174.156\n')
('464', 'Glynis', 'Vanyukhin', 'gvanyukhincv@ehow.com', 'Female', '106.94.71.101\n')
('967', 'Geneva', 'Wibrow', 'gwibrowqu@google.nl', 'Female', '56.232.224.207\n')
('759', 'Helsa', 'Boothe', 'hboothel2@simplemachines.org', 'Female', '83.161.224.76\n')
('987', 'Hilary', 'Bryde', 'hbrydere@omniture.com', 'Female', '80.244.74.120\n')
('311', 'Halette', 'Folbigg', 'hfolbigg8m@ifeng.com', 'Female', '196.104.122.62\n')
('972', 'Hermione', 'Leabeater', 'hleabeaterqz@typepad.com', 'Female', '214.113.218.83\n')
('92', 'Hilde', 'Macieiczyk', 'hmacieiczyk2j@answers.com', 'Female', '197.190.19.34\n')
('851', 'Hedi', 'McClunaghan', 'hmcclunaghannm@pen.io', 'Female', '51.147.120.121\n')
('928', 'Hedwiga', 'Monnelly', 'hmonnellypr@squidoo.com', 'Female', '250.80.122.218\n')
('278', 'Helge', 'Nacey', 'hnacey7p@foxnews.com', 'Female', '123.250.211.226\n')
('222', 'Honoria', 'Normand', 'hnormand65@amazon.de', 'Female', '137.53.207.118\n')
('556', 'Helyn', 'Pedwell', 'hpedwellff@pbs.org', 'Female', '221.91.133.29\n')
('765', 'Ines', 'Dogerty', 'idogertyl8@t.co', 'Female', '131.108.195.138\n')
('86', 'Ilyssa', 'Dury', 'idury2d@cmu.edu', 'Female', '203.213.86.18\n')
('229', 'Illa', 'Fitzroy', 'ifitzroy6c@ucoz.com', 'Female', '189.66.10.45\n')
('580', 'Ina', 'Hrycek', 'ihrycekg3@plala.or.jp', 'Female', '234.72.182.19\n')
('691', 'Ivie', 'Malcher', 'imalcherj6@who.int', 'Female', '242.108.103.103\n')
('465', 'Ingeborg', 'Tewkesbury', 'itewkesburycw@wsj.com', 'Female', '85.25.64.192\n')
('908', 'Jillayne', 'Antoney', 'jantoneyp7@washingtonpost.com', 'Female', '185.137.181.49\n')
('917', 'Joanna', 'Askham', 'jaskhampg@weather.com', 'Female', '242.252.218.32\n')
('332', 'Joyan', 'Badcock', 'jbadcock97@alexa.com', 'Female', '232.250.39.235\n')
('45', 'Jillene', 'Byron', 'jbyron18@zimbio.com', 'Female', '191.85.249.62\n')
('110', 'Julianne', 'Claesens', 'jclaesens31@merriam-webster.com', 'Female', '231.84.34.11\n')
('147', 'Junina', 'Cluatt', 'jcluatt42@sogou.com', 'Female', '24.6.189.96\n')
('359', 'Jemima', 'Coppins', 'jcoppins9y@shareasale.com', 'Female', '239.118.242.244\n')
('782', 'Jessamyn', 'De Giorgio', 'jdegiorgiolp@newyorker.com', 'Female', '241.67.243.150\n')
('561', 'Juli', 'Dobing', 'jdobingfk@yolasite.com', 'Female', '248.83.208.180\n')
('282', 'Jody', 'Dodridge', 'jdodridge7t@alibaba.com', 'Female', '56.176.163.20\n')
('498', 'Jany', 'Drewson', 'jdrewsondt@columbia.edu', 'Female', '194.31.209.217\n')
('807', 'Jojo', 'Esson', 'jessonme@istockphoto.com', 'Female', '98.156.104.115\n')
('943', 'Jermaine', 'Flemming', 'jflemmingq6@over-blog.com', 'Female', '8.244.120.70\n')
('265', 'Justine', 'Glaves', 'jglaves7c@photobucket.com', 'Female', '152.41.100.67\n')
('772', 'Josefa', 'Gosnall', 'jgosnalllf@microsoft.com', 'Female', '141.47.198.12\n')
('733', 'Jessika', 'Grece', 'jgrecekc@vkontakte.ru', 'Female', '104.242.237.99\n')
('300', 'Jodee', 'Gunny', 'jgunny8b@cnn.com', 'Female', '33.40.157.29\n')
('976', 'Jerrilee', 'Guwer', 'jguwerr3@lulu.com', 'Female', '173.169.50.49\n')
('104', 'Juanita', 'Hullin', 'jhullin2v@clickbank.net', 'Female', '122.145.121.229\n')
('273', 'Janene', 'Janas', 'jjanas7k@adobe.com', 'Female', '48.1.24.5\n')
('977', 'Joletta', 'Josh', 'jjoshr4@cargocollective.com', 'Female', '61.139.232.115\n')
('21', 'Janaye', 'Kelley', 'jkelleyk@nytimes.com', 'Female', '1.116.101.149\n')
('774', 'Joannes', 'Kilbee', 'jkilbeelh@behance.net', 'Female', '110.163.118.107\n')
('932', 'Johannah', 'Lamperti', 'jlampertipv@pcworld.com', 'Female', '43.199.239.176\n')
('856', 'Jo-anne', 'Lawson', 'jlawsonnr@acquirethisname.com', 'Female', '209.202.89.65\n')
('17', 'Josefa', 'Liquorish', 'jliquorishg@com.com', 'Female', '115.92.148.10\n')
('813', 'Jacki', 'Magnus', 'jmagnusmk@bbb.org', 'Female', '89.167.244.43\n')
('433', 'Jillana', 'McIlwaine', 'jmcilwainec0@bandcamp.com', 'Female', '227.253.98.163\n')
('939', 'Jessi', 'Sherlaw', 'jsherlawq2@creativecommons.org', 'Female', '94.28.252.206\n')
('563', 'Jerrine', 'Shilladay', 'jshilladayfm@ed.gov', 'Female', '132.139.131.155\n')
('702', 'Joli', 'Simoes', 'jsimoesjh@yellowpages.com', 'Female', '237.144.226.193\n')
('34', 'Jillene', 'Stut', 'jstutx@youtu.be', 'Female', '202.230.46.14\n')
('658', 'Judye', 'Trowell', 'jtrowelli9@bbc.co.uk', 'Female', '4.106.196.50\n')
('413', 'Joete', 'Wetherick', 'jwetherickbg@wordpress.org', 'Female', '164.86.75.147\n')
('466', 'Jessie', 'Wrixon', 'jwrixoncx@washington.edu', 'Female', '41.238.71.144\n')
('121', 'Jo-anne', 'Yole', 'jyole3c@narod.ru', 'Female', '149.128.112.247\n')
('112', 'Karissa', 'Airy', 'kairy33@unicef.org', 'Female', '175.40.48.127\n')
('267', 'Katherine', 'Albone', 'kalbone7e@whitehouse.gov', 'Female', '178.175.85.65\n')
('991', 'Karoline', 'Brome', 'kbromeri@ebay.co.uk', 'Female', '157.199.19.209\n')
('846', 'Kattie', 'Cahan', 'kcahannh@alibaba.com', 'Female', '186.146.186.37\n')
('589', 'Kali', 'Cahey', 'kcaheygc@tmall.com', 'Female', '249.162.41.60\n')
('626', 'Katee', 'Chatainier', 'kchatainierhd@imdb.com', 'Female', '185.78.98.85\n')
('374', 'Kala', 'Coast', 'kcoastad@va.gov', 'Female', '209.35.113.61\n')
('27', 'Karlee', 'Crombie', 'kcrombieq@apple.com', 'Female', '113.23.246.54\n')
('879', 'Kary', 'Downgate', 'kdowngateoe@1und1.de', 'Female', '197.213.143.17\n')
('881', 'Karoly', 'Elsby', 'kelsbyog@nytimes.com', 'Female', '245.49.163.208\n')
('692', 'Kathrine', 'Fillimore', 'kfillimorej7@wix.com', 'Female', '44.105.237.76\n')
('968', 'Katrinka', 'Gimeno', 'kgimenoqv@symantec.com', 'Female', '53.229.63.78\n')
('642', 'Koralle', 'Hawtrey', 'khawtreyht@un.org', 'Female', '58.51.25.114\n')
('766', 'Kitty', 'Hehir', 'khehirl9@desdev.cn', 'Female', '99.86.141.22\n')
('183', 'Klarrisa', 'Kelwick', 'kkelwick52@nasa.gov', 'Female', '173.89.59.122\n')
('472', 'Kata', 'Kneebone', 'kkneeboned3@diigo.com', 'Female', '132.238.239.85\n')
('57', 'Kip', 'Livock', 'klivock1k@pen.io', 'Female', '109.239.245.133\n')
('962', 'Koren', 'Lyal', 'klyalqp@phpbb.com', 'Female', '116.130.166.203\n')
('777', 'Kari', 'Maclaine', 'kmaclainelk@seesaa.net', 'Female', '173.254.241.61\n')
('114', 'Kellina', 'Meaker', 'kmeaker35@360.cn', 'Female', '82.133.95.96\n')
('610', 'Kaila', 'Renshall', 'krenshallgx@oaic.gov.au', 'Female', '76.222.10.18\n')
('189', 'Katrina', 'Schiesterl', 'kschiesterl58@google.pl', 'Female', '5.8.103.85\n')
('833', 'Kizzee', 'Smallpeice', 'ksmallpeicen4@smh.com.au', 'Female', '33.5.70.27\n')
('227', 'Kelcie', 'Stiven', 'kstiven6a@craigslist.org', 'Female', '136.0.223.61\n')
('678', 'Kylila', 'Stook', 'kstookit@cargocollective.com', 'Female', '174.245.150.201\n')
('28', 'Kassey', 'Tidder', 'ktidderr@stanford.edu', 'Female', '201.136.18.94\n')
('217', 'Kayle', 'Tranfield', 'ktranfield60@wisc.edu', 'Female', '29.102.65.147\n')
('714', 'Kelcie', 'Wolfenden', 'kwolfendenjt@mediafire.com', 'Female', '122.169.39.149\n')
('72', 'Kelli', 'Yarnell', 'kyarnell1z@illinois.edu', 'Female', '168.242.190.174\n')
('558', 'Lyndsie', 'Aynscombe', 'laynscombefh@amazon.co.uk', 'Female', '46.197.220.227\n')
('266', 'Loutitia', 'Bartosiak', 'lbartosiak7d@soup.io', 'Female', '75.110.124.127\n')
('672', 'Lurlene', 'Bennedsen', 'lbennedsenin@merriam-webster.com', 'Female', '58.82.154.136\n')
('575', 'Lissa', 'Brekonridge', 'lbrekonridgefy@desdev.cn', 'Female', '90.97.132.241\n')
('235', 'Lucila', 'Buggs', 'lbuggs6i@flavors.me', 'Female', '24.77.241.172\n')
('247', 'Lacee', 'Cade', 'lcade6u@devhub.com', 'Female', '14.185.145.24\n')
('157', 'Leeann', 'Clinning', 'lclinning4c@princeton.edu', 'Female', '55.147.22.191\n')
('650', 'Laurette', 'Cockrill', 'lcockrilli1@bigcartel.com', 'Female', '150.34.192.124\n')
('655', 'Liva', 'Corss', 'lcorssi6@intel.com', 'Female', '63.180.30.148\n')
('193', 'Lorene', 'Coulsen', 'lcoulsen5c@youtube.com', 'Female', '46.68.145.215\n')
('785', 'Lacee', 'Cowerd', 'lcowerdls@forbes.com', 'Female', '127.79.198.107\n')
('263', 'Lira', 'Degenhardt', 'ldegenhardt7a@google.it', 'Female', '211.240.210.1\n')
('257', 'Liuka', 'Durrand', 'ldurrand74@mozilla.com', 'Female', '197.214.158.127\n')
('238', 'Laurette', 'Fawcitt', 'lfawcitt6l@msn.com', 'Female', '211.55.144.31\n')
('479', 'Leigh', 'Fearney', 'lfearneyda@europa.eu', 'Female', '73.141.66.176\n')
('811', 'Lebbie', 'Gaishson', 'lgaishsonmi@ihg.com', 'Female', '139.30.229.207\n')
('159', 'Loren', 'Gerran', 'lgerran4e@joomla.org', 'Female', '16.154.7.152\n')
('676', 'Lurleen', 'Gierke', 'lgierkeir@wikipedia.org', 'Female', '174.47.131.233\n')
('689', 'Lizette', 'Govier', 'lgovierj4@artisteer.com', 'Female', '82.42.186.5\n')
('590', 'Larine', 'Guppey', 'lguppeygd@biglobe.ne.jp', 'Female', '22.90.11.34\n')
('106', 'Lorette', 'Hammarberg', 'lhammarberg2x@angelfire.com', 'Female', '177.192.34.157\n')
('231', 'Lyndell', 'Krelle', 'lkrelle6e@dailymotion.com', 'Female', '36.73.185.54\n')
('158', 'Linnet', 'Martinez', 'lmartinez4d@moonfruit.com', 'Female', '158.135.25.191\n')
('576', 'Leoine', 'Merwede', 'lmerwedefz@networksolutions.com', 'Female', '233.72.111.134\n')
('814', 'Lanny', 'Pollok', 'lpollokml@ning.com', 'Female', '49.26.20.95\n')
('818', 'Linn', 'Raisher', 'lraishermp@slideshare.net', 'Female', '64.117.40.85\n')
('910', 'Lavena', 'Rowbotham', 'lrowbothamp9@so-net.ne.jp', 'Female', '117.186.118.199\n')
('825', 'Leoline', 'Scoggin', 'lscogginmw@dailymotion.com', 'Female', '121.71.54.222\n')
('219', 'Lianna', 'Sorrill', 'lsorrill62@chicagotribune.com', 'Female', '85.74.55.108\n')
('89', 'Laverna', 'Summerrell', 'lsummerrell2g@dell.com', 'Female', '245.50.248.68\n')
('653', 'Lian', 'Tatam', 'ltatami4@privacy.gov.au', 'Female', '199.171.12.113\n')
('501', 'Laura', 'Toffetto', 'ltoffettodw@un.org', 'Female', '7.23.192.86\n')
('902', 'Leola', 'Volk', 'lvolkp1@vimeo.com', 'Female', '51.199.114.44\n')
('608', 'Lilas', 'Warhurst', 'lwarhurstgv@microsoft.com', 'Female', '133.234.25.59\n')
('504', 'Marys', 'Abdon', 'mabdondz@seesaa.net', 'Female', '97.225.32.16\n')
('778', 'Marleah', 'Agett', 'magettll@goo.ne.jp', 'Female', '85.82.210.17\n')
('154', 'Mariann', 'Berkowitz', 'mberkowitz49@moonfruit.com', 'Female', '163.91.114.219\n')
('358', 'Miquela', 'Bichener', 'mbichener9x@ibm.com', 'Female', '33.176.153.214\n')
('393', 'Madlin', 'Brute', 'mbruteaw@ycombinator.com', 'Female', '54.84.241.63\n')
('93', 'Monique', 'Carryer', 'mcarryer2k@globo.com', 'Female', '204.192.233.146\n')
('534', 'Magda', 'Cavanagh', 'mcavanaghet@foxnews.com', 'Female', '111.88.47.82\n')
('194', 'Mela', 'Christmas', 'mchristmas5d@telegraph.co.uk', 'Female', '32.53.99.156\n')
('51', 'Madalyn', 'Copping', 'mcopping1e@google.com', 'Female', '67.140.3.21\n')
('980', 'Madeline', 'Dallan', 'mdallanr7@squidoo.com', 'Female', '204.173.129.167\n')
('735', 'Miguelita', 'Deakins', 'mdeakinske@bloomberg.com', 'Female', '104.150.252.56\n')
('819', 'Margaux', 'Derrell', 'mderrellmq@umich.edu', 'Female', '110.255.99.32\n')
('667', 'Marlene', 'Dobney', 'mdobneyii@irs.gov', 'Female', '87.245.70.151\n')
('720', 'Melinde', 'Dyos', 'mdyosjz@si.edu', 'Female', '94.121.131.73\n')
('674', 'Michal', 'Eighteen', 'meighteenip@google.it', 'Female', '100.73.0.20\n')
('554', 'Mirelle', 'Fist', 'mfistfd@chicagotribune.com', 'Female', '202.55.126.198\n')
('228', 'Mab', 'Gaywood', 'mgaywood6b@nih.gov', 'Female', '240.119.3.187\n')
('61', 'Maurene', 'Greenman', 'mgreenman1o@ebay.com', 'Female', '90.79.83.109\n')
('494', 'Marion', 'Greg', 'mgregdp@wired.com', 'Female', '211.167.37.50\n')
('935', 'Marta', 'Harral', 'mharralpy@un.org', 'Female', '140.226.162.41\n')
('829', 'Max', 'Jaher', 'mjahern0@google.es', 'Female', '221.150.6.87\n')
('25', 'Marcille', 'Jerrolt', 'mjerrolto@ibm.com', 'Female', '9.233.172.158\n')
('934', 'Michaella', 'Kondratowicz', 'mkondratowiczpx@redcross.org', 'Female', '140.114.61.13\n')
('424', 'Malissia', 'Kornousek', 'mkornousekbr@economist.com', 'Female', '9.192.78.159\n')
('882', 'Minette', 'Lorand', 'mlorandoh@smh.com.au', 'Female', '28.163.196.181\n')
('360', 'Marianne', 'Maasze', 'mmaasze9z@fema.gov', 'Female', '233.186.79.15\n')
('839', 'Merrile', 'Mapis', 'mmapisna@webmd.com', 'Female', '155.126.231.183\n')
('945', 'Michell', 'Margarson', 'mmargarsonq8@yolasite.com', 'Female', '131.153.4.213\n')
('140', 'Molli', 'McIllrick', 'mmcillrick3v@bbc.co.uk', 'Female', '14.124.101.47\n')
('233', 'Manon', 'Merwede', 'mmerwede6g@house.gov', 'Female', '88.129.90.58\n')
('566', 'Mariska', 'Miles', 'mmilesfp@vistaprint.com', 'Female', '117.244.104.46\n')
('957', 'Madonna', 'Nuzzetti', 'mnuzzettiqk@weather.com', 'Female', '245.233.19.217\n')
('290', 'Marybeth', 'Planque', 'mplanque81@tuttocitta.it', 'Female', '96.79.2.101\n')
('742', 'Maureen', 'Robertucci', 'mrobertuccikl@dedecms.com', 'Female', '41.192.122.255\n')
('518', 'Morissa', 'Simmons', 'msimmonsed@vkontakte.ru', 'Female', '120.7.99.125\n')
('170', 'Michaeline', 'Stancliffe', 'mstancliffe4p@livejournal.com', 'Female', '250.106.190.84\n')
('793', 'Meridith', 'Stolle', 'mstollem0@prweb.com', 'Female', '195.50.1.250\n')
('587', 'Maryellen', 'Thomtson', 'mthomtsonga@infoseek.co.jp', 'Female', '233.179.230.128\n')
('199', 'Meggie', 'Ubsdale', 'mubsdale5i@elpais.com', 'Female', '194.144.132.199\n')
('313', 'Murielle', 'Van der Merwe', 'mvandermerwe8o@goo.ne.jp', 'Female', '176.176.118.116\n')
('664', 'Melessa', 'Woodard', 'mwoodardif@cmu.edu', 'Female', '35.226.0.168\n')
('451', 'Nesta', 'Axford', 'naxfordci@oaic.gov.au', 'Female', '55.95.21.201\n')
('963', 'Nanine', 'Clemmensen', 'nclemmensenqq@homestead.com', 'Female', '45.63.169.200\n')
('148', 'Nataline', 'Deniscke', 'ndeniscke43@nyu.edu', 'Female', '21.126.238.173\n')
('999', 'Ninnette', 'Dingley', 'ndingleyrq@npr.org', 'Female', '200.141.213.192\n')
('146', 'Nana', 'Fulcher', 'nfulcher41@epa.gov', 'Female', '79.145.22.177\n')
('58', 'Nert', 'Giamitti', 'ngiamitti1l@cnn.com', 'Female', '182.26.62.200\n')
('860', 'Neille', 'Grimsey', 'ngrimseynv@sogou.com', 'Female', '41.8.111.94\n')
('505', 'Nonah', 'Ingleston', 'ninglestone0@360.cn', 'Female', '20.84.167.84\n')
('844', 'Nickie', 'Langland', 'nlanglandnf@github.com', 'Female', '201.221.40.56\n')
('961', 'Nanci', 'Leyshon', 'nleyshonqo@purevolume.com', 'Female', '71.180.194.200\n')
('242', 'Nikki', 'Mahady', 'nmahady6p@example.com', 'Female', '97.192.129.247\n')
('416', 'Nerti', 'Oxbrough', 'noxbroughbj@scribd.com', 'Female', '6.132.45.1\n')
('369', 'Norah', 'Scapelhorn', 'nscapelhorna8@nhs.uk', 'Female', '23.100.33.54\n')
('7', 'Nada', 'Steinson', 'nsteinson6@earthlink.net', 'Female', '7.225.62.121\n')
('491', 'Nicolette', 'Veck', 'nveckdm@mit.edu', 'Female', '62.119.36.89\n')
('815', 'Nisse', 'Willment', 'nwillmentmm@com.com', 'Female', '38.24.187.206\n')
('884', 'Ondrea', 'Briston', 'obristonoj@webmd.com', 'Female', '139.251.104.202\n')
('688', 'Onida', 'Kingerby', 'okingerbyj3@liveinternet.ru', 'Female', '131.86.75.196\n')
('933', 'Opalina', 'Ladon', 'oladonpw@sfgate.com', 'Female', '51.9.108.205\n')
('852', 'Oona', 'Palmar', 'opalmarnn@ed.gov', 'Female', '68.54.246.107\n')
('637', 'Ophelia', 'Soeiro', 'osoeiroho@wsj.com', 'Female', '59.101.141.164\n')
('784', 'Orelie', 'Solomon', 'osolomonlr@surveymonkey.com', 'Female', '37.229.45.70\n')
('29', 'Odilia', 'Stennard', 'ostennards@hatena.ne.jp', 'Female', '102.84.232.186\n')
('119', 'Philly', 'Choke', 'pchoke3a@posterous.com', 'Female', '248.80.217.252\n')
('997', 'Prudence', 'Crut', 'pcrutro@51.la', 'Female', '243.232.45.237\n')
('418', 'Paolina', 'Girton', 'pgirtonbl@gizmodo.com', 'Female', '47.245.152.52\n')
('308', 'Pavia', 'Lehrmann', 'plehrmann8j@wikipedia.org', 'Female', '54.202.215.44\n')
('969', 'Philippa', 'MacAdam', 'pmacadamqw@jiathis.com', 'Female', '191.254.30.33\n')
('82', 'Phedra', 'Ofield', 'pofield29@timesonline.co.uk', 'Female', '11.102.202.38\n')
('370', 'Pierette', 'Ovell', 'povella9@apache.org', 'Female', '60.165.82.119\n')
('8', 'Prue', 'Parker', 'pparker7@gmpg.org', 'Female', '46.0.236.34\n')
('361', 'Pietra', 'Pether', 'ppethera0@intel.com', 'Female', '97.218.99.20\n')
('522', 'Priscella', 'Salzburger', 'psalzburgereh@trellian.com', 'Female', '8.128.237.154\n')
('821', 'Pavia', 'Simison', 'psimisonms@ucoz.ru', 'Female', '19.193.121.155\n')
('151', 'Pietra', 'Slowgrove', 'pslowgrove46@redcross.org', 'Female', '90.20.6.21\n')
('986', 'Quintina', 'Dwerryhouse', 'qdwerryhouserd@sourceforge.net', 'Female', '103.139.30.217\n')
('232', 'Queenie', 'Redding', 'qredding6f@bravesites.com', 'Female', '120.3.36.163\n')
('382', 'Rosanna', 'Ahrend', 'rahrendal@free.fr', 'Female', '91.129.26.147\n')
('584', 'Rafaelita', 'Beahan', 'rbeahang7@wix.com', 'Female', '186.75.181.226\n')
('906', 'Rosanne', 'Beatey', 'rbeateyp5@intel.com', 'Female', '75.30.82.106\n')
('710', 'Rey', 'Bruhnke', 'rbruhnkejp@i2i.jp', 'Female', '255.68.239.96\n')
('256', 'Ray', 'Coonihan', 'rcoonihan73@themeforest.net', 'Female', '96.74.144.200\n')
('616', 'Rochelle', 'Corkitt', 'rcorkitth3@bloglines.com', 'Female', '253.188.108.135\n')
('682', 'Rosanne', 'De Lisle', 'rdelisleix@admin.ch', 'Female', '63.177.128.80\n')
('62', 'Roxana', 'Durrett', 'rdurrett1p@wikipedia.org', 'Female', '159.69.217.214\n')
('327', 'Rosy', 'Elster', 'relster92@sfgate.com', 'Female', '159.31.84.159\n')
('909', 'Rozelle', 'Errigo', 'rerrigop8@issuu.com', 'Female', '203.19.22.137\n')
('303', 'Rosalinde', 'Gaddas', 'rgaddas8e@narod.ru', 'Female', '213.158.25.115\n')
('834', 'Rayshell', 'Glyssanne', 'rglyssannen5@sakura.ne.jp', 'Female', '39.113.114.223\n')
('2', 'Rochella', 'Jerke', 'rjerke1@ning.com', 'Female', '134.18.178.183\n')
('165', 'Romonda', 'Josefer', 'rjosefer4k@auda.org.au', 'Female', '22.152.85.28\n')
('911', 'Rubie', 'Keston', 'rkestonpa@mapy.cz', 'Female', '68.211.4.228\n')
('9', 'Rosene', 'Lowre', 'rlowre8@feedburner.com', 'Female', '17.129.250.71\n')
('381', 'Ronni', 'Ogelsby', 'rogelsbyak@oaic.gov.au', 'Female', '152.119.150.14\n')
('938', 'Ruperta', 'Paddie', 'rpaddieq1@studiopress.com', 'Female', '242.213.202.218\n')
('709', 'Rebeka', 'Petrozzi', 'rpetrozzijo@ucla.edu', 'Female', '136.122.203.166\n')
('863', 'Ruthy', 'Pouck', 'rpouckny@sun.com', 'Female', '21.58.23.160\n')
('845', 'Ronny', 'Seiller', 'rseillerng@ustream.tv', 'Female', '66.77.87.177\n')
('403', 'Rosene', 'Tomasello', 'rtomasellob6@privacy.gov.au', 'Female', '181.169.45.120\n')
('659', 'Rebeca', 'Ubsdall', 'rubsdallia@drupal.org', 'Female', '242.199.169.22\n')
('144', 'Roshelle', 'Valois', 'rvalois3z@barnesandnoble.com', 'Female', '175.67.136.184\n')
('4', 'Randa', 'Vanichkov', 'rvanichkov3@dot.gov', 'Female', '197.189.241.57\n')
('90', 'Rosa', 'Whorton', 'rwhorton2h@fastcompany.com', 'Female', '106.208.226.2\n')
('103', 'Simonne', 'Awton', 'sawton2u@latimes.com', 'Female', '225.218.211.26\n')
('603', 'Sofia', 'Bayly', 'sbaylygq@opensource.org', 'Female', '105.7.35.122\n')
('173', 'Salome', 'Begg', 'sbegg4s@woothemes.com', 'Female', '233.251.182.206\n')
('259', 'Shanna', 'Cagan', 'scagan76@quantcast.com', 'Female', '113.92.52.232\n')
('111', 'Sibyl', 'Dawid', 'sdawid32@trellian.com', 'Female', '216.61.27.127\n')
('386', 'Shayna', 'Dutton', 'sduttonap@dot.gov', 'Female', '80.248.253.47\n')
('337', 'Scarlett', 'Garry', 'sgarry9c@dedecms.com', 'Female', '227.220.91.113\n')
('546', 'Susan', 'Grainger', 'sgraingerf5@shinystat.com', 'Female', '130.94.105.102\n')
('338', 'Sonni', 'Gunda', 'sgunda9d@sun.com', 'Female', '148.164.2.13\n')
('538', 'Stormy', 'Guswell', 'sguswellex@thetimes.co.uk', 'Female', '64.107.59.58\n')
('279', 'Sandi', 'Halton', 'shalton7q@constantcontact.com', 'Female', '203.92.18.18\n')
('919', 'Sonia', 'Helsdon', 'shelsdonpi@livejournal.com', 'Female', '125.38.126.133\n')
('627', 'Stella', 'Liepmann', 'sliepmannhe@hud.gov', 'Female', '76.33.35.127\n')
('442', 'Sharline', 'MacConnal', 'smacconnalc9@toplist.cz', 'Female', '84.173.15.37\n')
('426', 'Sigrid', 'Mallion', 'smallionbt@unicef.org', 'Female', '100.252.172.190\n')
('695', 'Sapphira', 'Mazzei', 'smazzeija@forbes.com', 'Female', '237.111.222.4\n')
('638', 'Sherill', 'McDavid', 'smcdavidhp@ycombinator.com', 'Female', '1.79.128.189\n')
('840', 'Sofia', 'McElhargy', 'smcelhargynb@google.com.br', 'Female', '33.117.161.205\n')
('750', 'Sarah', 'Meake', 'smeakekt@youku.com', 'Female', '86.88.61.52\n')
('334', 'Stefania', 'Noddings', 'snoddings99@elegantthemes.com', 'Female', '237.54.33.229\n')
('150', 'Sonja', 'Oldroyde', 'soldroyde45@163.com', 'Female', '147.15.246.55\n')
('619', 'Sherrie', 'Quinlan', 'squinlanh6@abc.net.au', 'Female', '12.17.210.60\n')
('172', 'Sharla', 'Really', 'sreally4r@elpais.com', 'Female', '247.44.198.135\n')
('875', 'Shoshana', 'Rewcassell', 'srewcasselloa@pcworld.com', 'Female', '77.19.243.231\n')
('582', 'Sela', 'Scibsey', 'sscibseyg5@state.gov', 'Female', '203.190.13.107\n')
('65', 'Silvie', 'Sketchley', 'ssketchley1s@theatlantic.com', 'Female', '244.61.199.168\n')
('728', 'Siobhan', 'Stennet', 'sstennetk7@google.com.hk', 'Female', '161.26.62.22\n')
('507', 'Sharona', 'Thaxter', 'sthaxtere2@digg.com', 'Female', '45.137.79.0\n')
('966', 'Suellen', 'Vasilic', 'svasilicqt@usda.gov', 'Female', '1.61.22.58\n')
('680', 'Salome', 'Wiffill', 'swiffilliv@lycos.com', 'Female', '92.83.64.96\n')
('432', 'Sarette', 'Wornham', 'swornhambz@newsvine.com', 'Female', '70.100.124.214\n')
('341', 'Tess', 'Aslin', 'taslin9g@1688.com', 'Female', '93.1.151.160\n')
('663', 'Tracy', 'Belli', 'tbelliie@goodreads.com', 'Female', '163.78.77.160\n')
('285', 'Tamera', 'Benedite', 'tbenedite7w@gmpg.org', 'Female', '37.203.92.48\n')
('644', 'Terri-jo', 'Braddick', 'tbraddickhv@angelfire.com', 'Female', '161.73.67.111\n')
('686', 'Tamma', 'Calvard', 'tcalvardj1@ft.com', 'Female', '103.241.251.0\n')
('321', 'Thomasin', 'Domsalla', 'tdomsalla8w@mit.edu', 'Female', '70.100.41.196\n')
('155', 'Tamqrah', 'Fairclough', 'tfairclough4a@chron.com', 'Female', '194.103.37.42\n')
('633', 'Truda', 'Fairholme', 'tfairholmehk@twitpic.com', 'Female', '89.68.90.140\n')
('478', 'Toinette', 'Fasham', 'tfashamd9@webs.com', 'Female', '30.75.55.76\n')
('622', 'Tedi', 'Guerreiro', 'tguerreiroh9@google.com', 'Female', '111.53.97.202\n')
('100', 'Theresa', 'Korneev', 'tkorneev2r@tmall.com', 'Female', '224.107.37.198\n')
('542', 'Tierney', 'MacManus', 'tmacmanusf1@arizona.edu', 'Female', '152.173.73.86\n')
('900', 'Tina', 'Manger', 'tmangeroz@mapy.cz', 'Female', '42.191.2.169\n')
('445', 'Theresita', 'Morat', 'tmoratcc@indiatimes.com', 'Female', '181.14.126.223\n')
('641', 'Tabbatha', 'Paylie', 'tpayliehs@netvibes.com', 'Female', '119.232.238.101\n')
('488', 'Tanitansy', 'Rounsivall', 'trounsivalldj@exblog.jp', 'Female', '32.9.53.188\n')
('753', 'Ulrike', 'Durtnall', 'udurtnallkw@google.nl', 'Female', '28.184.211.59\n')
('395', 'Valaria', 'Gonsalvo', 'vgonsalvoay@cafepress.com', 'Female', '111.9.51.17\n')
('887', 'Viki', 'Highman', 'vhighmanom@nps.gov', 'Female', '122.224.55.99\n')
('809', 'Valery', 'Kidsley', 'vkidsleymg@about.me', 'Female', '215.100.240.250\n')
('226', 'Virgina', 'Labbe', 'vlabbe69@reuters.com', 'Female', '121.4.8.255\n')
('738', 'Virgina', 'Lilywhite', 'vlilywhitekh@arstechnica.com', 'Female', '111.23.80.226\n')
('643', 'Vonny', 'Moralis', 'vmoralishu@cdbaby.com', 'Female', '199.46.252.238\n')
('43', 'Virgina', 'Twittey', 'vtwittey16@shinystat.com', 'Female', '125.13.70.119\n')
('533', 'Wini', 'Bramhall', 'wbramhalles@nifty.com', 'Female', '89.131.16.25\n')
('519', 'Winni', 'Brugger', 'wbruggeree@sciencedirect.com', 'Female', '170.124.161.193\n')
('562', 'Wally', 'Ellwand', 'wellwandfl@accuweather.com', 'Female', '127.42.252.128\n')
('80', 'Wendy', 'Moloney', 'wmoloney27@is.gd', 'Female', '34.113.24.45\n')
('955', 'Willamina', 'Pemble', 'wpembleqi@canalblog.com', 'Female', '62.237.149.133\n')
('953', 'Willi', 'Scathard', 'wscathardqg@tripod.com', 'Female', '30.178.210.178\n')
('586', 'Willamina', 'Wewell', 'wwewellg9@europa.eu', 'Female', '235.11.223.199\n')
('948', 'Xylina', 'Rableau', 'xrableauqb@sphinn.com', 'Female', '143.109.213.174\n')
('826', 'Xenia', 'Silliman', 'xsillimanmx@nbcnews.com', 'Female', '103.255.195.73\n')
('246', 'Yoko', 'Fisher', 'yfisher6t@stanford.edu', 'Female', '181.111.105.160\n')
('805', 'Yasmeen', 'Richings', 'yrichingsmc@scientificamerican.com', 'Female', '142.12.19.248\n')
('889', 'Ynes', 'Wilkes', 'ywilkesoo@themeforest.net', 'Female', '251.93.221.18\n')
('408', 'Zena', 'Danilchenko', 'zdanilchenkobb@drupal.org', 'Female', '232.160.47.56\n')
('615', 'Zola', 'Siman', 'zsimanh2@state.gov', 'Female', '103.161.234.243\n')
('223', 'Zuzana', 'Sorley', 'zsorley66@omniture.com', 'Female', '64.207.106.217\n')
